John,Doe,john.doe@example.com,123-456-7890
Jane,Smith,jane.smith@example.com,234-567-8901
Robert,Brown,robert.brown@example.com,345-678-9012
Emily,Davis,emily.davis@example.com,456-789-0123

Michael,Johnson,michael.johnson@example.com,567-890-1234
Linda,Wilson,linda.wilson@example.com,678-901-2345
David,Moore,david.moore@example.com,789-012-3456

Susan,Taylor,susan.taylor@example.com,890-123-4567
James,Anderson,james.anderson@example.com,901-234-5678
Patricia,Thomas,patricia.thomas@example.com,012-345-6789
